application_id,student_id,job_id,application_date,skill_match_pct,meets_experience,status
A0001,S0001,J0003,2025-05-21,0.0,False,Applied
A0002,S0002,J0169,2025-02-22,20.0,True,Shortlisted
A0003,S0002,J0179,2025-10-07,0.0,True,Applied
A0004,S0003,J0138,2025-01-16,0.0,True,Applied
A0005,S0003,J0084,2025-04-30,0.0,False,Under Review
A0006,S0003,J0057,2025-01-14,0.0,False,Under Review
A0007,S0003,J0169,2025-11-29,20.0,True,Shortlisted
A0008,S0004,J0200,2025-08-18,20.0,True,Under Review
A0009,S0005,J0128,2025-03-23,0.0,False,Shortlisted
A0010,S0006,J0073,2025-03-21,0.0,True,Applied
A0011,S0006,J0169,2025-06-22,20.0,True,Applied
A0012,S0006,J0170,2025-07-14,0.0,True,Applied
A0013,S0007,J0044,2025-05-16,25.0,False,Rejected
A0014,S0007,J0179,2025-08-24,33.3,True,Under Review
A0015,S0007,J0067,2025-07-13,50.0,False,Applied
A0016,S0008,J0107,2025-11-13,0.0,False,Rejected
A0017,S0008,J0125,2025-07-05,16.7,False,Under Review
A0018,S0008,J0057,2025-12-27,0.0,False,Applied
A0019,S0009,J0033,2025-02-10,40.0,True,Rejected
A0020,S0010,J0106,2025-05-23,0.0,True,Under Review
A0021,S0011,J0078,2025-07-09,20.0,True,Under Review
A0022,S0011,J0081,2025-12-10,0.0,True,Applied
A0023,S0011,J0046,2025-12-16,16.7,True,Shortlisted
A0024,S0012,J0099,2025-03-29,25.0,False,Under Review
A0025,S0012,J0100,2025-05-06,20.0,False,Applied
A0026,S0012,J0109,2025-07-14,0.0,False,Applied
A0027,S0012,J0052,2025-11-24,33.3,False,Shortlisted
A0028,S0012,J0171,2025-04-23,33.3,False,Shortlisted
A0029,S0013,J0062,2025-01-17,0.0,True,Rejected
A0030,S0014,J0029,2025-02-03,0.0,True,Applied
A0031,S0014,J0046,2025-10-18,33.3,True,Rejected
A0032,S0014,J0059,2025-06-11,25.0,False,Applied
A0033,S0014,J0045,2025-09-13,25.0,False,Under Review
A0034,S0015,J0179,2025-05-16,16.7,False,Applied
A0035,S0015,J0044,2025-10-15,0.0,False,Under Review
A0036,S0016,J0024,2025-10-26,0.0,True,Under Review
A0037,S0016,J0062,2025-04-23,25.0,True,Selected
A0038,S0016,J0168,2025-03-12,25.0,True,Under Review
A0039,S0016,J0060,2025-02-16,0.0,True,Rejected
A0040,S0016,J0045,2025-02-26,25.0,True,Applied
A0041,S0017,J0192,2025-08-05,20.0,True,Under Review
A0042,S0017,J0188,2025-07-17,0.0,False,Under Review
A0043,S0018,J0044,2025-05-09,25.0,False,Selected
A0044,S0018,J0027,2025-01-06,20.0,False,Shortlisted
A0045,S0018,J0125,2025-02-28,16.7,False,Shortlisted
A0046,S0018,J0132,2025-10-02,25.0,False,Rejected
A0047,S0019,J0014,2025-05-31,33.3,True,Under Review
A0048,S0019,J0138,2025-08-21,25.0,True,Applied
A0049,S0019,J0125,2025-05-15,16.7,True,Selected
A0050,S0020,J0033,2025-02-24,0.0,True,Rejected
A0051,S0021,J0059,2025-09-17,0.0,False,Shortlisted
A0052,S0021,J0120,2025-03-20,25.0,False,Under Review
A0053,S0021,J0124,2025-03-24,16.7,True,Under Review
A0054,S0022,J0177,2025-11-03,0.0,True,Applied
A0055,S0022,J0128,2025-01-10,0.0,False,Applied
A0056,S0022,J0094,2025-07-05,16.7,False,Rejected
A0057,S0022,J0037,2025-06-07,16.7,False,Applied
A0058,S0022,J0147,2025-05-04,25.0,True,Rejected
A0059,S0023,J0114,2025-09-06,0.0,True,Rejected
A0060,S0024,J0067,2025-03-07,0.0,True,Shortlisted
A0061,S0024,J0107,2025-10-09,0.0,True,Applied
A0062,S0024,J0125,2025-09-28,0.0,True,Rejected
A0063,S0024,J0132,2025-08-05,25.0,True,Selected
A0064,S0024,J0158,2025-10-04,0.0,True,Rejected
A0065,S0025,J0045,2025-06-09,25.0,True,Under Review
A0066,S0025,J0053,2025-12-10,0.0,True,Shortlisted
A0067,S0026,J0148,2025-08-20,0.0,True,Applied
A0068,S0026,J0069,2025-04-26,25.0,True,Applied
A0069,S0026,J0192,2025-01-11,20.0,False,Under Review
A0070,S0026,J0009,2025-04-28,0.0,True,Under Review
A0071,S0027,J0076,2025-12-29,20.0,True,Shortlisted
A0072,S0028,J0050,2025-01-17,0.0,False,Rejected
A0073,S0028,J0018,2025-02-06,16.7,True,Under Review
A0074,S0029,J0014,2025-09-06,16.7,True,Applied
A0075,S0029,J0057,2025-03-09,0.0,False,Shortlisted
A0076,S0029,J0193,2025-10-20,0.0,False,Under Review
A0077,S0030,J0100,2025-07-28,0.0,False,Applied
A0078,S0030,J0098,2025-02-19,0.0,False,Shortlisted
A0079,S0031,J0200,2025-07-30,0.0,True,Under Review
A0080,S0031,J0120,2025-01-28,50.0,True,Shortlisted
A0081,S0031,J0124,2025-11-27,0.0,True,Applied
A0082,S0032,J0061,2025-06-23,50.0,False,Rejected
A0083,S0032,J0149,2025-02-25,20.0,False,Applied
A0084,S0032,J0147,2025-04-08,25.0,True,Under Review
A0085,S0032,J0030,2025-03-13,20.0,False,Under Review
A0086,S0034,J0110,2025-05-08,0.0,False,Rejected
A0087,S0034,J0162,2025-02-08,25.0,False,Under Review
A0088,S0034,J0069,2025-10-09,50.0,True,Applied
A0089,S0035,J0098,2025-02-17,0.0,False,Selected
A0090,S0035,J0152,2025-05-02,0.0,False,Applied
A0091,S0035,J0020,2025-09-06,40.0,True,Under Review
A0092,S0035,J0143,2025-07-25,0.0,True,Selected
A0093,S0035,J0077,2025-03-26,16.7,False,Under Review
A0094,S0036,J0089,2025-08-21,0.0,True,Applied
A0095,S0036,J0126,2025-12-23,25.0,True,Selected
A0096,S0036,J0136,2025-10-12,0.0,True,Shortlisted
A0097,S0036,J0094,2025-09-07,16.7,True,Applied
A0098,S0037,J0129,2025-01-30,0.0,True,Under Review
A0099,S0037,J0190,2025-10-05,0.0,False,Applied
A0100,S0037,J0039,2025-06-10,25.0,False,Applied
A0101,S0038,J0125,2025-09-15,16.7,True,Selected
A0102,S0038,J0178,2025-09-29,16.7,False,Applied
A0103,S0038,J0158,2025-09-18,16.7,False,Applied
A0104,S0038,J0169,2025-04-06,20.0,True,Applied
A0105,S0038,J0086,2025-02-04,33.3,True,Shortlisted
A0106,S0039,J0101,2025-03-03,0.0,True,Selected
A0107,S0039,J0156,2025-10-19,0.0,True,Applied
A0108,S0040,J0026,2025-11-14,0.0,True,Applied
A0109,S0040,J0160,2025-12-03,0.0,True,Under Review
A0110,S0040,J0035,2025-09-25,20.0,True,Applied
A0111,S0040,J0040,2025-05-14,25.0,True,Applied
A0112,S0040,J0047,2025-06-10,25.0,True,Applied
A0113,S0041,J0103,2025-12-10,16.7,True,Shortlisted
A0114,S0041,J0114,2025-08-23,0.0,False,Applied
A0115,S0041,J0136,2025-02-07,0.0,False,Applied
A0116,S0041,J0115,2025-11-15,20.0,False,Selected
A0117,S0042,J0069,2025-10-03,50.0,True,Applied
A0118,S0043,J0156,2025-06-28,0.0,False,Rejected
A0119,S0043,J0113,2025-05-06,50.0,True,Under Review
A0120,S0043,J0189,2025-03-22,25.0,True,Under Review
A0121,S0044,J0120,2025-06-04,0.0,False,Shortlisted
A0122,S0044,J0046,2025-12-01,16.7,True,Under Review
A0123,S0044,J0059,2025-12-08,0.0,False,Rejected
A0124,S0044,J0045,2025-06-03,50.0,False,Selected
A0125,S0044,J0078,2025-02-23,20.0,True,Selected
A0126,S0045,J0110,2025-03-01,0.0,True,Rejected
A0127,S0045,J0183,2025-10-11,20.0,False,Applied
A0128,S0046,J0114,2025-04-18,40.0,False,Shortlisted
A0129,S0046,J0128,2025-04-15,25.0,True,Shortlisted
A0130,S0046,J0154,2025-05-16,0.0,True,Under Review
A0131,S0047,J0172,2025-02-17,25.0,True,Shortlisted
A0132,S0047,J0192,2025-05-22,20.0,False,Applied
A0133,S0047,J0009,2025-06-20,0.0,True,Rejected
A0134,S0048,J0137,2025-08-15,20.0,False,Under Review
A0135,S0048,J0018,2025-08-07,33.3,True,Under Review
A0136,S0048,J0112,2025-02-27,16.7,False,Applied
A0137,S0049,J0132,2025-01-19,25.0,True,Rejected
A0138,S0049,J0006,2025-10-26,33.3,True,Under Review
A0139,S0050,J0105,2025-01-22,0.0,False,Applied
A0140,S0050,J0042,2025-01-21,20.0,True,Rejected
A0141,S0050,J0113,2025-04-18,50.0,True,Shortlisted
A0142,S0050,J0171,2025-12-08,16.7,False,Applied
A0143,S0051,J0190,2025-11-14,20.0,False,Shortlisted
A0144,S0051,J0173,2025-05-02,25.0,True,Rejected
A0145,S0051,J0069,2025-04-01,25.0,True,Rejected
A0146,S0051,J0140,2025-01-13,20.0,True,Applied
A0147,S0051,J0183,2025-06-20,0.0,False,Rejected
A0148,S0052,J0123,2025-05-08,25.0,True,Applied
A0149,S0052,J0152,2025-12-26,0.0,True,Applied
A0150,S0052,J0052,2025-01-20,0.0,True,Rejected
A0151,S0052,J0098,2025-04-24,20.0,True,Applied
A0152,S0053,J0069,2025-06-06,25.0,True,Rejected
A0153,S0053,J0085,2025-04-27,25.0,True,Applied
A0154,S0053,J0192,2025-12-04,40.0,True,Applied
A0155,S0053,J0129,2025-06-18,0.0,True,Applied
A0156,S0054,J0168,2025-06-29,0.0,True,Shortlisted
A0157,S0055,J0152,2025-10-02,25.0,True,Applied
A0158,S0055,J0033,2025-01-15,20.0,True,Applied
A0159,S0055,J0052,2025-05-14,16.7,True,Applied
A0160,S0055,J0020,2025-05-16,20.0,True,Applied
A0161,S0056,J0073,2025-06-26,40.0,True,Shortlisted
A0162,S0056,J0158,2025-06-10,33.3,True,Under Review
A0163,S0056,J0125,2025-09-19,0.0,True,Applied
A0164,S0056,J0032,2025-10-23,20.0,True,Applied
A0165,S0056,J0179,2025-01-23,33.3,True,Shortlisted
A0166,S0057,J0076,2025-10-03,20.0,True,Shortlisted
A0167,S0059,J0039,2025-08-09,0.0,False,Applied
A0168,S0059,J0110,2025-12-07,16.7,False,Selected
A0169,S0060,J0164,2025-12-06,40.0,False,Rejected
A0170,S0060,J0124,2025-06-03,16.7,True,Under Review
A0171,S0060,J0134,2025-12-08,0.0,False,Under Review
A0172,S0060,J0168,2025-07-26,0.0,False,Shortlisted
A0173,S0060,J0186,2025-10-11,0.0,False,Applied
A0174,S0061,J0037,2025-07-14,0.0,False,Shortlisted
A0175,S0061,J0007,2025-03-31,0.0,True,Shortlisted
A0176,S0061,J0135,2025-06-04,25.0,True,Under Review
A0177,S0061,J0128,2025-01-01,0.0,True,Applied
A0178,S0062,J0054,2025-10-24,0.0,False,Shortlisted
A0179,S0062,J0094,2025-06-14,33.3,True,Under Review
A0180,S0063,J0080,2025-04-20,33.3,True,Under Review
A0181,S0063,J0077,2025-03-28,33.3,False,Shortlisted
A0182,S0063,J0097,2025-05-26,25.0,True,Under Review
A0183,S0063,J0109,2025-11-21,50.0,False,Shortlisted
A0184,S0064,J0041,2025-05-01,33.3,True,Shortlisted
A0185,S0065,J0019,2025-03-17,0.0,False,Applied
A0186,S0065,J0139,2025-05-06,20.0,False,Selected
A0187,S0066,J0036,2025-08-22,16.7,False,Under Review
A0188,S0066,J0159,2025-11-19,16.7,True,Under Review
A0189,S0066,J0028,2025-12-23,40.0,True,Under Review
A0190,S0066,J0200,2025-07-24,0.0,True,Applied
A0191,S0066,J0134,2025-12-02,0.0,False,Shortlisted
A0192,S0067,J0156,2025-04-23,25.0,True,Applied
A0193,S0068,J0110,2025-01-26,50.0,True,Under Review
A0194,S0068,J0162,2025-03-04,25.0,False,Under Review
A0195,S0068,J0069,2025-08-26,0.0,True,Shortlisted
A0196,S0068,J0148,2025-10-14,0.0,True,Under Review
A0197,S0068,J0009,2025-08-15,25.0,True,Shortlisted
A0198,S0069,J0086,2025-10-08,33.3,True,Under Review
A0199,S0069,J0166,2025-03-23,25.0,True,Shortlisted
A0200,S0069,J0180,2025-09-01,16.7,True,Under Review
A0201,S0069,J0179,2025-05-07,0.0,True,Rejected
A0202,S0069,J0107,2025-05-22,0.0,True,Rejected
A0203,S0070,J0016,2025-11-17,20.0,True,Applied
A0204,S0070,J0161,2025-08-14,16.7,True,Applied
A0205,S0070,J0163,2025-05-27,50.0,True,Applied
A0206,S0071,J0088,2025-10-04,0.0,False,Applied
A0207,S0071,J0160,2025-03-19,0.0,False,Applied
A0208,S0071,J0068,2025-12-22,50.0,False,Applied
A0209,S0072,J0005,2025-08-01,20.0,True,Under Review
A0210,S0072,J0139,2025-10-05,40.0,True,Under Review
A0211,S0073,J0190,2025-08-04,40.0,True,Under Review
A0212,S0074,J0200,2025-07-14,0.0,True,Under Review
A0213,S0075,J0134,2025-07-19,40.0,False,Rejected
A0214,S0075,J0118,2025-08-03,25.0,True,Under Review
A0215,S0075,J0199,2025-10-07,0.0,False,Rejected
A0216,S0076,J0094,2025-04-23,16.7,True,Applied
A0217,S0076,J0154,2025-09-06,25.0,False,Applied
A0218,S0078,J0136,2025-12-14,0.0,False,Rejected
A0219,S0078,J0154,2025-03-26,50.0,False,Rejected
A0220,S0078,J0128,2025-03-07,0.0,True,Selected
A0221,S0079,J0100,2025-07-21,20.0,True,Under Review
A0222,S0079,J0049,2025-12-06,25.0,True,Applied
A0223,S0079,J0052,2025-11-26,16.7,True,Under Review
A0224,S0079,J0113,2025-08-25,25.0,True,Applied
A0225,S0079,J0101,2025-05-14,16.7,True,Under Review
A0226,S0080,J0136,2025-06-17,25.0,False,Applied
A0227,S0080,J0177,2025-07-14,0.0,True,Applied
A0228,S0081,J0026,2025-02-11,20.0,True,Under Review
A0229,S0081,J0068,2025-10-04,16.7,True,Applied
A0230,S0081,J0025,2025-06-29,25.0,True,Applied
A0231,S0081,J0106,2025-02-05,20.0,True,Rejected
A0232,S0082,J0080,2025-01-16,33.3,True,Selected
A0233,S0083,J0009,2025-11-15,25.0,True,Applied
A0234,S0083,J0148,2025-03-06,0.0,False,Under Review
A0235,S0084,J0009,2025-04-22,0.0,True,Under Review
A0236,S0085,J0040,2025-03-27,25.0,False,Shortlisted
A0237,S0085,J0071,2025-02-28,0.0,False,Rejected
A0238,S0085,J0196,2025-03-25,20.0,False,Selected
A0239,S0087,J0063,2025-01-14,33.3,True,Selected
A0240,S0088,J0029,2025-07-12,25.0,True,Under Review
A0241,S0088,J0168,2025-04-12,25.0,True,Applied
A0242,S0088,J0045,2025-12-20,0.0,False,Rejected
A0243,S0088,J0120,2025-05-05,25.0,False,Applied
A0244,S0088,J0078,2025-06-04,0.0,True,Rejected
A0245,S0089,J0068,2025-10-17,16.7,False,Rejected
A0246,S0089,J0163,2025-06-27,0.0,False,Under Review
A0247,S0089,J0150,2025-12-05,50.0,False,Under Review
A0248,S0089,J0047,2025-09-17,0.0,True,Shortlisted
A0249,S0089,J0016,2025-01-07,0.0,False,Rejected
A0250,S0090,J0055,2025-08-10,0.0,True,Selected
A0251,S0090,J0047,2025-11-22,0.0,True,Rejected
A0252,S0090,J0163,2025-08-24,16.7,True,Shortlisted
A0253,S0090,J0145,2025-08-11,16.7,True,Applied
A0254,S0091,J0069,2025-05-19,50.0,True,Shortlisted
A0255,S0091,J0139,2025-10-03,20.0,True,Rejected
A0256,S0091,J0039,2025-08-27,25.0,True,Under Review
A0257,S0091,J0102,2025-10-31,16.7,True,Applied
A0258,S0091,J0070,2025-05-06,16.7,True,Rejected
A0259,S0092,J0074,2025-08-19,0.0,True,Applied
A0260,S0093,J0026,2025-11-09,40.0,True,Shortlisted
A0261,S0093,J0004,2025-06-22,0.0,False,Applied
A0262,S0093,J0058,2025-06-16,0.0,True,Applied
A0263,S0093,J0088,2025-04-19,50.0,False,Under Review
A0264,S0095,J0122,2025-05-24,25.0,False,Rejected
A0265,S0095,J0009,2025-12-26,25.0,True,Rejected
A0266,S0095,J0192,2025-10-12,0.0,False,Applied
A0267,S0096,J0200,2025-05-04,0.0,True,Shortlisted
A0268,S0097,J0151,2025-05-04,20.0,True,Shortlisted
A0269,S0097,J0125,2025-11-27,16.7,True,Shortlisted
A0270,S0097,J0169,2025-08-18,0.0,True,Rejected
A0271,S0097,J0027,2025-02-17,20.0,True,Applied
A0272,S0098,J0094,2025-05-05,16.7,True,Applied
A0273,S0098,J0177,2025-10-25,25.0,True,Under Review
A0274,S0098,J0115,2025-10-11,20.0,False,Under Review
A0275,S0098,J0103,2025-08-06,16.7,True,Selected
A0276,S0099,J0054,2025-06-30,16.7,True,Shortlisted
A0277,S0099,J0127,2025-05-19,40.0,True,Applied
A0278,S0099,J0149,2025-04-29,0.0,True,Applied
A0279,S0099,J0089,2025-04-09,0.0,True,Applied
A0280,S0099,J0154,2025-10-02,25.0,True,Selected
A0281,S0100,J0200,2025-04-21,0.0,False,Shortlisted
A0282,S0100,J0062,2025-05-22,0.0,True,Shortlisted
A0283,S0101,J0105,2025-05-25,25.0,False,Selected
A0284,S0101,J0097,2025-04-10,0.0,True,Applied
A0285,S0101,J0090,2025-07-04,16.7,False,Applied
A0286,S0101,J0101,2025-01-08,0.0,True,Shortlisted
A0287,S0101,J0109,2025-03-06,0.0,False,Applied
A0288,S0102,J0068,2025-05-30,0.0,False,Shortlisted
A0289,S0103,J0112,2025-09-09,33.3,False,Applied
A0290,S0104,J0019,2025-05-26,20.0,False,Under Review
A0291,S0105,J0127,2025-04-05,0.0,True,Selected
A0292,S0105,J0185,2025-05-10,20.0,True,Selected
A0293,S0105,J0149,2025-09-02,20.0,True,Applied
A0294,S0105,J0015,2025-02-03,20.0,True,Under Review
A0295,S0106,J0189,2025-11-19,0.0,True,Shortlisted
A0296,S0107,J0156,2025-10-16,0.0,True,Selected
A0297,S0107,J0105,2025-02-13,25.0,True,Selected
A0298,S0108,J0102,2025-08-02,33.3,True,Shortlisted
A0299,S0109,J0059,2025-09-25,0.0,True,Under Review
A0300,S0109,J0081,2025-08-15,20.0,True,Applied
A0301,S0109,J0200,2025-10-29,20.0,True,Selected
A0302,S0109,J0023,2025-06-06,0.0,True,Under Review
A0303,S0109,J0003,2025-01-31,20.0,True,Shortlisted
A0304,S0110,J0036,2025-04-17,50.0,False,Shortlisted
A0305,S0111,J0105,2025-02-11,25.0,False,Applied
A0306,S0111,J0097,2025-03-30,25.0,True,Under Review
A0307,S0111,J0152,2025-03-22,0.0,False,Applied
A0308,S0112,J0198,2025-11-01,20.0,False,Under Review
A0309,S0112,J0074,2025-01-17,16.7,True,Applied
A0310,S0112,J0017,2025-12-28,20.0,False,Applied
A0311,S0112,J0008,2025-08-21,33.3,False,Applied
A0312,S0113,J0074,2025-11-17,16.7,True,Under Review
A0313,S0113,J0116,2025-04-12,0.0,True,Under Review
A0314,S0114,J0200,2025-03-18,20.0,True,Selected
A0315,S0116,J0152,2025-01-31,25.0,True,Applied
A0316,S0116,J0113,2025-06-07,25.0,True,Under Review
A0317,S0117,J0128,2025-08-13,25.0,False,Applied
A0318,S0117,J0185,2025-12-19,20.0,False,Applied
A0319,S0117,J0007,2025-07-26,0.0,False,Selected
A0320,S0117,J0142,2025-09-14,0.0,True,Under Review
A0321,S0117,J0197,2025-08-13,0.0,False,Applied
A0322,S0118,J0192,2025-06-15,40.0,True,Shortlisted
A0323,S0119,J0188,2025-04-28,16.7,False,Selected
A0324,S0120,J0026,2025-01-11,20.0,True,Selected
A0325,S0120,J0025,2025-12-11,0.0,True,Rejected
A0326,S0120,J0071,2025-10-23,0.0,False,Applied
A0327,S0120,J0041,2025-03-31,33.3,True,Under Review
A0328,S0120,J0055,2025-11-30,0.0,True,Under Review
A0329,S0121,J0011,2025-10-27,0.0,True,Under Review
A0330,S0122,J0144,2025-08-29,60.0,True,Applied
A0331,S0122,J0112,2025-06-20,16.7,True,Applied
A0332,S0122,J0031,2025-02-23,0.0,True,Rejected
A0333,S0122,J0137,2025-06-18,0.0,True,Under Review
A0334,S0123,J0086,2025-12-06,0.0,True,Selected
A0335,S0123,J0158,2025-10-09,16.7,True,Applied
A0336,S0123,J0044,2025-02-15,0.0,True,Applied
A0337,S0123,J0067,2025-06-15,25.0,True,Applied
A0338,S0124,J0199,2025-01-01,0.0,False,Shortlisted
A0339,S0124,J0036,2025-10-05,16.7,False,Under Review
A0340,S0124,J0194,2025-01-28,20.0,False,Applied
A0341,S0124,J0184,2025-07-05,0.0,False,Shortlisted
A0342,S0125,J0062,2025-08-15,50.0,True,Rejected
A0343,S0125,J0078,2025-04-15,0.0,True,Applied
A0344,S0125,J0046,2025-03-09,0.0,True,Selected
A0345,S0125,J0200,2025-08-13,0.0,True,Rejected
A0346,S0126,J0038,2025-01-15,20.0,True,Selected
A0347,S0126,J0002,2025-11-08,0.0,True,Rejected
A0348,S0126,J0131,2025-12-30,0.0,True,Applied
A0349,S0126,J0122,2025-10-10,25.0,True,Applied
A0350,S0127,J0121,2025-04-26,16.7,False,Selected
A0351,S0127,J0095,2025-02-28,40.0,False,Under Review
A0352,S0127,J0107,2025-03-02,25.0,False,Shortlisted
A0353,S0127,J0125,2025-03-20,33.3,False,Under Review
A0354,S0128,J0161,2025-12-28,33.3,True,Applied
A0355,S0129,J0044,2025-05-05,0.0,False,Under Review
A0356,S0129,J0125,2025-03-16,16.7,False,Under Review
A0357,S0129,J0151,2025-11-03,0.0,False,Under Review
A0358,S0129,J0027,2025-03-11,0.0,False,Rejected
A0359,S0130,J0177,2025-06-24,50.0,True,Selected
A0360,S0130,J0128,2025-09-17,0.0,True,Applied
A0361,S0130,J0108,2025-01-02,33.3,True,Applied
A0362,S0131,J0139,2025-10-24,20.0,False,Selected
A0363,S0131,J0162,2025-09-08,0.0,False,Rejected
A0364,S0131,J0192,2025-08-17,0.0,False,Under Review
A0365,S0132,J0113,2025-10-10,0.0,True,Rejected
A0366,S0132,J0152,2025-07-13,50.0,True,Under Review
A0367,S0132,J0143,2025-06-14,0.0,True,Rejected
A0368,S0133,J0037,2025-07-16,16.7,True,Applied
A0369,S0133,J0108,2025-07-30,16.7,True,Applied
A0370,S0134,J0055,2025-07-15,25.0,True,Under Review
A0371,S0134,J0076,2025-12-06,20.0,True,Rejected
A0372,S0134,J0145,2025-11-30,0.0,False,Selected
A0373,S0134,J0013,2025-09-11,50.0,False,Selected
A0374,S0135,J0103,2025-10-30,16.7,True,Applied
A0375,S0135,J0037,2025-02-21,16.7,False,Rejected
A0376,S0136,J0098,2025-09-27,0.0,True,Selected
A0377,S0136,J0152,2025-01-08,0.0,True,Shortlisted
A0378,S0136,J0052,2025-07-29,0.0,True,Rejected
A0379,S0136,J0143,2025-03-21,40.0,True,Applied
A0380,S0137,J0028,2025-11-16,0.0,True,Shortlisted
A0381,S0137,J0159,2025-11-29,0.0,True,Applied
A0382,S0137,J0036,2025-06-18,16.7,False,Rejected
A0383,S0138,J0181,2025-06-12,0.0,False,Shortlisted
A0384,S0138,J0077,2025-09-07,0.0,False,Rejected
A0385,S0138,J0097,2025-01-19,0.0,False,Shortlisted
A0386,S0138,J0155,2025-05-01,0.0,False,Shortlisted
A0387,S0138,J0101,2025-05-28,0.0,True,Selected
A0388,S0139,J0106,2025-02-20,0.0,False,Rejected
A0389,S0140,J0130,2025-03-27,16.7,False,Shortlisted
A0390,S0141,J0112,2025-06-16,16.7,True,Rejected
A0391,S0142,J0016,2025-07-11,0.0,True,Under Review
A0392,S0142,J0160,2025-05-06,20.0,True,Under Review
A0393,S0142,J0196,2025-10-17,20.0,True,Shortlisted
A0394,S0143,J0027,2025-03-31,0.0,True,Applied
A0395,S0143,J0132,2025-07-15,25.0,True,Shortlisted
A0396,S0144,J0123,2025-10-26,25.0,False,Applied
A0397,S0144,J0111,2025-08-25,0.0,False,Shortlisted
A0398,S0145,J0032,2025-12-08,40.0,False,Applied
A0399,S0145,J0044,2025-08-27,25.0,False,Selected
A0400,S0145,J0014,2025-12-13,33.3,True,Under Review
A0401,S0145,J0130,2025-02-07,16.7,False,Under Review
A0402,S0146,J0143,2025-06-03,20.0,False,Shortlisted
A0403,S0146,J0033,2025-08-06,0.0,True,Shortlisted
A0404,S0146,J0077,2025-08-22,16.7,False,Rejected
A0405,S0147,J0171,2025-09-05,16.7,False,Applied
A0406,S0147,J0098,2025-07-15,0.0,False,Under Review
A0407,S0148,J0151,2025-12-25,20.0,True,Applied
A0408,S0148,J0086,2025-12-04,16.7,True,Under Review
A0409,S0148,J0084,2025-01-05,0.0,True,Under Review
A0410,S0148,J0014,2025-12-18,0.0,True,Rejected
A0411,S0148,J0021,2025-01-26,0.0,True,Selected
A0412,S0149,J0112,2025-04-28,16.7,True,Shortlisted
A0413,S0149,J0064,2025-06-30,25.0,True,Applied
A0414,S0149,J0031,2025-04-08,0.0,True,Shortlisted
A0415,S0149,J0165,2025-12-14,0.0,True,Rejected
A0416,S0150,J0028,2025-02-19,20.0,True,Selected
A0417,S0150,J0194,2025-11-27,40.0,False,Applied
A0418,S0152,J0187,2025-10-24,0.0,False,Under Review
A0419,S0152,J0151,2025-03-09,0.0,True,Applied
A0420,S0152,J0057,2025-06-01,16.7,False,Applied
A0421,S0152,J0084,2025-08-01,0.0,False,Applied
A0422,S0153,J0179,2025-07-07,16.7,True,Under Review
A0423,S0154,J0179,2025-05-12,33.3,True,Selected
A0424,S0154,J0125,2025-09-04,16.7,True,Selected
A0425,S0154,J0107,2025-06-01,25.0,True,Shortlisted
A0426,S0155,J0104,2025-08-28,0.0,True,Selected
A0427,S0155,J0109,2025-03-14,0.0,True,Rejected
A0428,S0155,J0090,2025-04-26,16.7,True,Rejected
A0429,S0156,J0098,2025-07-07,40.0,False,Applied
A0430,S0156,J0156,2025-07-22,25.0,False,Applied
A0431,S0156,J0033,2025-10-02,0.0,True,Applied
A0432,S0156,J0189,2025-07-08,0.0,True,Shortlisted
A0433,S0157,J0146,2025-07-15,0.0,False,Rejected
A0434,S0157,J0120,2025-07-10,0.0,False,Applied
A0435,S0157,J0194,2025-04-30,20.0,False,Under Review
A0436,S0158,J0160,2025-06-17,0.0,False,Selected
A0437,S0158,J0047,2025-04-24,0.0,True,Shortlisted
A0438,S0158,J0163,2025-11-22,0.0,False,Rejected
A0439,S0158,J0055,2025-12-25,25.0,True,Applied
A0440,S0158,J0161,2025-07-29,0.0,False,Applied
A0441,S0159,J0094,2025-06-05,16.7,True,Selected
A0442,S0160,J0077,2025-05-01,16.7,False,Rejected
A0443,S0163,J0137,2025-08-21,0.0,False,Under Review
A0444,S0163,J0096,2025-12-23,16.7,True,Selected
A0445,S0164,J0076,2025-03-21,40.0,True,Rejected
A0446,S0164,J0055,2025-12-02,25.0,True,Applied
A0447,S0164,J0058,2025-09-08,16.7,True,Shortlisted
A0448,S0164,J0106,2025-05-24,0.0,False,Applied
A0449,S0165,J0168,2025-08-16,25.0,True,Under Review
A0450,S0165,J0081,2025-05-01,40.0,True,Rejected
A0451,S0165,J0159,2025-02-20,33.3,True,Selected
A0452,S0166,J0115,2025-11-27,40.0,False,Under Review
A0453,S0166,J0147,2025-07-23,0.0,True,Applied
A0454,S0166,J0022,2025-03-04,25.0,False,Selected
A0455,S0167,J0062,2025-12-06,50.0,True,Applied
A0456,S0167,J0200,2025-11-24,20.0,False,Under Review
A0457,S0168,J0163,2025-06-20,33.3,True,Applied
A0458,S0170,J0157,2025-04-16,0.0,True,Applied
A0459,S0170,J0008,2025-10-11,16.7,False,Applied
A0460,S0171,J0181,2025-06-18,0.0,True,Rejected
A0461,S0171,J0189,2025-11-02,0.0,True,Applied
A0462,S0172,J0022,2025-10-04,25.0,False,Applied
A0463,S0172,J0015,2025-03-31,20.0,False,Applied
A0464,S0173,J0154,2025-01-08,50.0,False,Under Review
A0465,S0174,J0070,2025-06-15,16.7,False,Applied
A0466,S0174,J0069,2025-05-16,0.0,True,Applied
A0467,S0175,J0144,2025-02-28,20.0,True,Shortlisted
A0468,S0175,J0112,2025-09-01,16.7,False,Under Review
A0469,S0175,J0092,2025-07-05,33.3,True,Under Review
A0470,S0175,J0017,2025-02-25,0.0,False,Under Review
A0471,S0176,J0011,2025-01-23,20.0,True,Shortlisted
A0472,S0177,J0046,2025-08-23,50.0,True,Shortlisted
A0473,S0177,J0124,2025-01-16,50.0,True,Applied
A0474,S0177,J0146,2025-09-03,0.0,False,Rejected
A0475,S0177,J0199,2025-08-07,0.0,False,Shortlisted
A0476,S0177,J0186,2025-09-09,25.0,False,Shortlisted
A0477,S0178,J0126,2025-02-11,0.0,False,Applied
A0478,S0178,J0015,2025-03-17,20.0,False,Applied
A0479,S0178,J0147,2025-05-21,0.0,True,Shortlisted
A0480,S0178,J0154,2025-10-27,25.0,False,Under Review
A0481,S0179,J0097,2025-11-02,25.0,True,Under Review
A0482,S0179,J0152,2025-08-21,0.0,True,Under Review
A0483,S0179,J0156,2025-08-09,0.0,False,Applied
A0484,S0180,J0162,2025-11-30,0.0,True,Rejected
A0485,S0181,J0200,2025-08-20,20.0,True,Rejected
A0486,S0181,J0046,2025-07-31,0.0,True,Applied
A0487,S0182,J0190,2025-08-01,20.0,False,Shortlisted
A0488,S0182,J0093,2025-06-10,16.7,True,Under Review
A0489,S0182,J0131,2025-12-07,33.3,True,Applied
A0490,S0182,J0162,2025-03-20,0.0,False,Shortlisted
A0491,S0183,J0173,2025-02-16,25.0,True,Rejected
A0492,S0183,J0034,2025-02-17,25.0,True,Under Review
A0493,S0183,J0140,2025-07-10,20.0,True,Rejected
A0494,S0183,J0087,2025-10-12,0.0,True,Applied
A0495,S0184,J0056,2025-06-18,0.0,True,Shortlisted
A0496,S0184,J0071,2025-07-30,20.0,False,Under Review
A0497,S0184,J0010,2025-12-07,25.0,True,Selected
A0498,S0184,J0145,2025-08-05,0.0,False,Rejected
A0499,S0184,J0040,2025-01-27,50.0,False,Selected
A0500,S0185,J0144,2025-06-30,60.0,True,Applied
A0501,S0185,J0198,2025-09-17,0.0,False,Applied
A0502,S0185,J0174,2025-12-03,0.0,True,Under Review
A0503,S0185,J0175,2025-02-25,40.0,True,Under Review
A0504,S0185,J0011,2025-10-12,0.0,True,Under Review
A0505,S0187,J0187,2025-04-26,40.0,False,Rejected
A0506,S0187,J0121,2025-10-15,16.7,True,Selected
A0507,S0187,J0067,2025-11-15,25.0,False,Shortlisted
A0508,S0189,J0200,2025-11-08,0.0,True,Selected
A0509,S0189,J0029,2025-12-22,50.0,True,Applied
A0510,S0189,J0062,2025-04-03,0.0,True,Applied
A0511,S0189,J0001,2025-06-08,16.7,True,Selected
A0512,S0189,J0078,2025-06-29,0.0,True,Applied
A0513,S0190,J0148,2025-12-03,20.0,False,Under Review
A0514,S0190,J0002,2025-03-14,0.0,False,Shortlisted
A0515,S0191,J0024,2025-09-29,20.0,False,Applied
A0516,S0192,J0127,2025-06-24,0.0,False,Applied
A0517,S0192,J0015,2025-06-09,40.0,False,Shortlisted
A0518,S0192,J0177,2025-10-18,0.0,True,Under Review
A0519,S0192,J0126,2025-01-27,0.0,True,Applied
A0520,S0193,J0165,2025-12-12,0.0,True,Applied
A0521,S0193,J0116,2025-08-15,0.0,True,Shortlisted
A0522,S0193,J0011,2025-09-06,20.0,True,Shortlisted
A0523,S0193,J0198,2025-08-01,0.0,True,Applied
A0524,S0193,J0082,2025-09-20,25.0,True,Applied
A0525,S0194,J0016,2025-05-26,0.0,True,Shortlisted
A0526,S0194,J0161,2025-10-31,0.0,True,Under Review
A0527,S0195,J0014,2025-04-23,16.7,True,Under Review
A0528,S0195,J0125,2025-11-03,16.7,True,Applied
A0529,S0195,J0107,2025-04-15,50.0,True,Applied
A0530,S0196,J0131,2025-05-11,0.0,True,Applied
A0531,S0196,J0183,2025-03-03,20.0,False,Applied
A0532,S0197,J0016,2025-03-31,20.0,False,Applied
A0533,S0197,J0161,2025-09-30,33.3,True,Shortlisted
A0534,S0197,J0163,2025-09-14,16.7,False,Under Review
A0535,S0198,J0053,2025-07-23,0.0,True,Rejected
A0536,S0198,J0036,2025-01-22,16.7,False,Under Review
A0537,S0198,J0063,2025-08-24,50.0,True,Selected
A0538,S0199,J0197,2025-08-08,0.0,False,Under Review
A0539,S0199,J0108,2025-12-30,0.0,True,Shortlisted
A0540,S0199,J0127,2025-05-29,0.0,False,Applied
A0541,S0200,J0093,2025-03-29,16.7,True,Rejected
A0542,S0201,J0124,2025-12-20,33.3,True,Selected
A0543,S0201,J0078,2025-02-15,40.0,True,Under Review
A0544,S0201,J0200,2025-02-24,20.0,True,Applied
A0545,S0201,J0045,2025-10-29,0.0,False,Under Review
A0546,S0201,J0059,2025-02-10,0.0,False,Under Review
A0547,S0202,J0138,2025-06-23,0.0,True,Applied
A0548,S0202,J0021,2025-03-28,20.0,True,Applied
A0549,S0202,J0095,2025-11-21,40.0,True,Applied
A0550,S0203,J0125,2025-06-28,33.3,True,Under Review
A0551,S0203,J0027,2025-11-27,60.0,True,Rejected
A0552,S0203,J0095,2025-05-01,0.0,True,Applied
A0553,S0203,J0132,2025-05-12,0.0,True,Applied
A0554,S0203,J0057,2025-11-05,16.7,True,Applied
A0555,S0204,J0108,2025-11-18,50.0,True,Under Review
A0556,S0205,J0031,2025-10-24,50.0,True,Under Review
A0557,S0205,J0112,2025-10-17,16.7,True,Shortlisted
A0558,S0205,J0074,2025-11-16,0.0,True,Applied
A0559,S0205,J0157,2025-11-18,40.0,True,Applied
A0560,S0205,J0165,2025-08-14,20.0,True,Applied
A0561,S0206,J0177,2025-06-05,0.0,True,Rejected
A0562,S0206,J0114,2025-10-30,0.0,False,Applied
A0563,S0206,J0197,2025-09-17,50.0,False,Applied
A0564,S0206,J0147,2025-08-25,50.0,True,Under Review
A0565,S0207,J0052,2025-05-27,33.3,True,Applied
A0566,S0208,J0156,2025-11-01,25.0,False,Under Review
A0567,S0209,J0070,2025-10-11,0.0,True,Selected
A0568,S0209,J0009,2025-01-22,25.0,True,Under Review
A0569,S0209,J0038,2025-10-20,0.0,False,Shortlisted
A0570,S0209,J0192,2025-06-14,20.0,True,Shortlisted
A0571,S0210,J0029,2025-02-01,0.0,False,Under Review
A0572,S0210,J0066,2025-06-25,0.0,True,Selected
A0573,S0210,J0200,2025-02-13,0.0,False,Under Review
A0574,S0210,J0199,2025-03-30,25.0,False,Applied
A0575,S0210,J0060,2025-12-29,25.0,False,Under Review
A0576,S0211,J0146,2025-09-25,25.0,False,Shortlisted
A0577,S0211,J0199,2025-07-06,0.0,False,Under Review
A0578,S0211,J0024,2025-05-25,0.0,False,Under Review
A0579,S0211,J0120,2025-06-23,0.0,False,Shortlisted
A0580,S0212,J0030,2025-11-28,0.0,True,Applied
A0581,S0213,J0152,2025-10-13,50.0,True,Shortlisted
A0582,S0213,J0113,2025-05-26,25.0,True,Applied
A0583,S0213,J0077,2025-12-03,33.3,False,Selected
A0584,S0214,J0127,2025-06-20,20.0,False,Applied
A0585,S0214,J0089,2025-12-06,0.0,True,Applied
A0586,S0214,J0177,2025-06-29,0.0,True,Applied
A0587,S0214,J0185,2025-12-02,20.0,False,Shortlisted
A0588,S0214,J0007,2025-07-20,25.0,False,Applied
A0589,S0215,J0009,2025-10-14,25.0,True,Under Review
A0590,S0216,J0168,2025-12-10,25.0,True,Shortlisted
A0591,S0216,J0063,2025-12-17,16.7,False,Selected
A0592,S0216,J0124,2025-02-17,16.7,True,Shortlisted
A0593,S0217,J0060,2025-07-05,0.0,True,Applied
A0594,S0217,J0194,2025-06-08,0.0,True,Applied
A0595,S0217,J0028,2025-04-20,0.0,True,Applied
A0596,S0217,J0124,2025-09-06,16.7,True,Applied
A0597,S0218,J0115,2025-02-09,20.0,False,Applied
A0598,S0218,J0128,2025-02-21,0.0,False,Under Review
A0599,S0219,J0095,2025-09-27,20.0,False,Applied
A0600,S0219,J0179,2025-06-22,0.0,False,Rejected
A0601,S0219,J0132,2025-11-13,25.0,False,Applied
A0602,S0219,J0021,2025-07-12,20.0,False,Applied
A0603,S0219,J0067,2025-04-03,25.0,False,Rejected
A0604,S0220,J0095,2025-08-13,20.0,False,Applied
A0605,S0220,J0169,2025-07-06,20.0,True,Shortlisted
A0606,S0220,J0021,2025-05-02,0.0,True,Selected
A0607,S0220,J0179,2025-11-09,16.7,True,Applied
A0608,S0220,J0067,2025-08-18,0.0,True,Applied
A0609,S0221,J0002,2025-08-29,0.0,True,Selected
A0610,S0221,J0172,2025-04-10,50.0,True,Under Review
A0611,S0222,J0142,2025-08-25,40.0,True,Rejected
A0612,S0222,J0015,2025-07-15,40.0,True,Under Review
A0613,S0222,J0126,2025-08-03,50.0,True,Selected
A0614,S0222,J0185,2025-04-13,20.0,True,Rejected
A0615,S0222,J0115,2025-03-12,0.0,True,Rejected
A0616,S0223,J0158,2025-09-04,0.0,True,Rejected
A0617,S0224,J0088,2025-12-31,33.3,False,Rejected
A0618,S0224,J0065,2025-03-05,20.0,False,Applied
A0619,S0224,J0055,2025-03-24,0.0,True,Applied
A0620,S0224,J0076,2025-09-20,20.0,True,Applied
A0621,S0224,J0041,2025-08-12,0.0,True,Applied
A0622,S0225,J0068,2025-06-28,0.0,False,Selected
A0623,S0225,J0040,2025-08-01,0.0,False,Applied
A0624,S0226,J0055,2025-05-01,25.0,True,Under Review
A0625,S0226,J0163,2025-02-11,16.7,False,Under Review
A0626,S0226,J0196,2025-01-15,20.0,True,Applied
A0627,S0226,J0076,2025-02-20,20.0,True,Rejected
A0628,S0226,J0068,2025-11-29,0.0,True,Applied
A0629,S0227,J0095,2025-01-20,40.0,True,Applied
A0630,S0227,J0067,2025-08-30,25.0,True,Shortlisted
A0631,S0228,J0048,2025-12-28,25.0,True,Under Review
A0632,S0228,J0136,2025-11-12,50.0,True,Applied
A0633,S0229,J0114,2025-05-12,0.0,False,Applied
A0634,S0230,J0016,2025-11-08,0.0,True,Under Review
A0635,S0230,J0076,2025-02-26,20.0,True,Rejected
A0636,S0231,J0078,2025-03-04,20.0,True,Applied
A0637,S0231,J0200,2025-08-03,20.0,True,Shortlisted
A0638,S0232,J0147,2025-02-02,25.0,True,Applied
A0639,S0232,J0108,2025-09-13,33.3,True,Under Review
A0640,S0232,J0048,2025-01-09,0.0,True,Shortlisted
A0641,S0232,J0154,2025-10-22,25.0,False,Applied
A0642,S0232,J0037,2025-03-15,50.0,False,Applied
A0643,S0233,J0100,2025-06-30,20.0,True,Applied
A0644,S0234,J0147,2025-12-07,0.0,True,Shortlisted
A0645,S0234,J0037,2025-09-26,0.0,True,Selected
A0646,S0234,J0061,2025-02-04,0.0,True,Selected
A0647,S0234,J0115,2025-10-06,20.0,False,Under Review
A0648,S0235,J0011,2025-08-29,20.0,True,Applied
A0649,S0236,J0109,2025-05-10,25.0,False,Shortlisted
A0650,S0236,J0189,2025-07-02,0.0,True,Rejected
A0651,S0236,J0020,2025-06-26,20.0,True,Applied
A0652,S0236,J0098,2025-12-03,0.0,False,Shortlisted
A0653,S0237,J0119,2025-06-20,0.0,False,Applied
A0654,S0237,J0188,2025-06-30,0.0,False,Under Review
A0655,S0237,J0140,2025-11-26,40.0,False,Applied
A0656,S0237,J0129,2025-12-17,0.0,True,Under Review
A0657,S0237,J0093,2025-12-23,0.0,False,Under Review
A0658,S0238,J0193,2025-02-02,0.0,False,Shortlisted
A0659,S0238,J0107,2025-08-23,25.0,False,Applied
A0660,S0239,J0044,2025-04-13,25.0,False,Rejected
A0661,S0240,J0200,2025-09-21,0.0,True,Under Review
A0662,S0240,J0078,2025-10-06,20.0,True,Under Review
A0663,S0240,J0046,2025-01-19,0.0,True,Rejected
A0664,S0241,J0061,2025-07-02,0.0,True,Rejected
A0665,S0241,J0136,2025-01-25,25.0,False,Rejected
A0666,S0242,J0008,2025-03-05,16.7,False,Rejected
A0667,S0242,J0116,2025-08-12,0.0,True,Rejected
A0668,S0242,J0112,2025-08-14,16.7,False,Rejected
A0669,S0243,J0079,2025-04-06,16.7,False,Under Review
A0670,S0243,J0198,2025-09-12,20.0,False,Under Review
A0671,S0243,J0011,2025-09-23,20.0,False,Applied
A0672,S0243,J0082,2025-02-12,75.0,False,Shortlisted
A0673,S0244,J0101,2025-11-05,16.7,True,Selected
A0674,S0245,J0136,2025-05-31,25.0,False,Applied
A0675,S0245,J0185,2025-02-10,40.0,False,Applied
A0676,S0246,J0029,2025-08-17,50.0,False,Shortlisted
A0677,S0246,J0001,2025-08-07,33.3,False,Applied
A0678,S0246,J0046,2025-08-16,16.7,True,Under Review
A0679,S0247,J0159,2025-06-30,0.0,True,Shortlisted
A0680,S0248,J0161,2025-11-24,16.7,True,Selected
A0681,S0248,J0016,2025-01-30,0.0,True,Applied
A0682,S0249,J0188,2025-09-20,0.0,False,Rejected
A0683,S0249,J0173,2025-12-14,25.0,False,Applied
A0684,S0249,J0085,2025-01-16,25.0,False,Applied
A0685,S0249,J0110,2025-11-08,16.7,False,Shortlisted
A0686,S0250,J0173,2025-03-06,0.0,True,Applied
A0687,S0250,J0183,2025-11-27,20.0,False,Under Review
A0688,S0250,J0085,2025-07-16,50.0,False,Selected
A0689,S0250,J0102,2025-01-17,0.0,True,Shortlisted
A0690,S0251,J0113,2025-07-10,0.0,True,Under Review
A0691,S0251,J0189,2025-02-09,0.0,True,Under Review
A0692,S0251,J0156,2025-09-29,0.0,False,Under Review
A0693,S0251,J0077,2025-06-10,16.7,False,Shortlisted
A0694,S0252,J0146,2025-01-14,25.0,False,Shortlisted
A0695,S0252,J0062,2025-09-13,50.0,True,Under Review
A0696,S0253,J0011,2025-05-15,0.0,True,Rejected
A0697,S0253,J0082,2025-12-27,25.0,True,Under Review
A0698,S0253,J0031,2025-11-10,0.0,True,Applied
A0699,S0253,J0175,2025-09-09,40.0,True,Applied
A0700,S0253,J0157,2025-03-11,0.0,True,Rejected
A0701,S0254,J0033,2025-08-16,20.0,True,Selected
A0702,S0254,J0090,2025-12-16,0.0,False,Selected
A0703,S0254,J0100,2025-06-13,40.0,True,Shortlisted
A0704,S0254,J0109,2025-12-30,0.0,False,Applied
A0705,S0255,J0063,2025-06-03,16.7,True,Rejected
A0706,S0255,J0134,2025-12-31,40.0,True,Shortlisted
A0707,S0255,J0184,2025-12-25,0.0,True,Shortlisted
A0708,S0255,J0186,2025-07-05,0.0,True,Under Review
A0709,S0255,J0164,2025-03-04,40.0,True,Selected
A0710,S0256,J0165,2025-09-10,20.0,True,Applied
A0711,S0256,J0096,2025-10-11,33.3,True,Under Review
A0712,S0257,J0069,2025-03-08,0.0,True,Shortlisted
A0713,S0257,J0009,2025-02-14,50.0,True,Applied
A0714,S0257,J0148,2025-07-23,20.0,True,Selected
A0715,S0257,J0110,2025-09-03,0.0,False,Under Review
A0716,S0258,J0197,2025-02-07,25.0,True,Applied
A0717,S0258,J0094,2025-06-12,33.3,True,Shortlisted
A0718,S0258,J0103,2025-08-19,16.7,True,Under Review
A0719,S0258,J0015,2025-09-22,20.0,True,Applied
A0720,S0259,J0177,2025-10-28,0.0,True,Applied
A0721,S0259,J0115,2025-03-08,20.0,True,Under Review
A0722,S0259,J0037,2025-01-29,16.7,True,Rejected
A0723,S0259,J0154,2025-09-23,0.0,True,Applied
A0724,S0259,J0114,2025-03-26,20.0,True,Applied
A0725,S0260,J0033,2025-09-23,0.0,True,Rejected
A0726,S0261,J0169,2025-04-11,20.0,True,Shortlisted
A0727,S0262,J0019,2025-03-06,20.0,False,Shortlisted
A0728,S0262,J0102,2025-11-11,16.7,True,Under Review
A0729,S0262,J0119,2025-09-15,0.0,True,Shortlisted
A0730,S0262,J0131,2025-10-31,16.7,False,Selected
A0731,S0262,J0192,2025-03-20,20.0,False,Applied
A0732,S0263,J0045,2025-11-06,0.0,False,Applied
A0733,S0263,J0134,2025-10-16,0.0,False,Applied
A0734,S0263,J0081,2025-01-15,0.0,False,Applied
A0735,S0263,J0060,2025-11-25,25.0,False,Rejected
A0736,S0263,J0059,2025-05-16,25.0,False,Shortlisted
A0737,S0264,J0124,2025-11-13,16.7,True,Shortlisted
A0738,S0264,J0120,2025-09-12,50.0,True,Rejected
A0739,S0264,J0078,2025-10-07,40.0,True,Applied
A0740,S0264,J0168,2025-06-04,0.0,True,Under Review
A0741,S0264,J0046,2025-12-17,16.7,True,Under Review
A0742,S0265,J0046,2025-12-19,16.7,True,Applied
A0743,S0265,J0200,2025-08-14,20.0,True,Under Review
A0744,S0266,J0102,2025-06-24,16.7,True,Shortlisted
A0745,S0266,J0148,2025-06-10,20.0,True,Rejected
A0746,S0266,J0069,2025-06-13,0.0,True,Shortlisted
A0747,S0266,J0009,2025-06-26,0.0,True,Selected
A0748,S0267,J0047,2025-07-09,25.0,True,Under Review
A0749,S0267,J0196,2025-02-24,0.0,True,Applied
A0750,S0268,J0066,2025-05-17,20.0,True,Under Review
A0751,S0268,J0168,2025-03-14,25.0,True,Applied
A0752,S0268,J0194,2025-05-29,0.0,True,Selected
A0753,S0268,J0184,2025-11-12,40.0,True,Under Review
A0754,S0269,J0199,2025-10-23,25.0,False,Shortlisted
A0755,S0269,J0186,2025-04-08,0.0,False,Rejected
A0756,S0270,J0028,2025-08-28,0.0,True,Under Review
A0757,S0270,J0078,2025-06-07,0.0,True,Under Review
A0758,S0270,J0159,2025-02-16,0.0,True,Selected
A0759,S0270,J0120,2025-09-16,25.0,True,Under Review
A0760,S0271,J0066,2025-10-26,20.0,True,Under Review
A0761,S0271,J0199,2025-01-26,0.0,True,Applied
A0762,S0272,J0161,2025-12-11,0.0,True,Under Review
A0763,S0272,J0016,2025-10-02,20.0,True,Applied
A0764,S0272,J0058,2025-02-25,33.3,True,Under Review
A0765,S0272,J0150,2025-05-16,0.0,True,Shortlisted
A0766,S0272,J0004,2025-07-26,0.0,False,Under Review
A0767,S0273,J0095,2025-10-19,20.0,True,Under Review
A0768,S0273,J0151,2025-07-05,40.0,True,Under Review
A0769,S0273,J0169,2025-02-07,40.0,True,Under Review
A0770,S0273,J0021,2025-08-19,20.0,True,Rejected
A0771,S0274,J0098,2025-12-15,0.0,False,Shortlisted
A0772,S0274,J0101,2025-03-07,33.3,True,Selected
A0773,S0274,J0143,2025-07-21,20.0,True,Under Review
A0774,S0275,J0041,2025-07-07,16.7,True,Rejected
A0775,S0275,J0004,2025-04-12,20.0,False,Shortlisted
A0776,S0275,J0055,2025-07-25,0.0,True,Under Review
A0777,S0276,J0095,2025-03-12,20.0,True,Shortlisted
A0778,S0277,J0019,2025-08-22,20.0,False,Applied
A0779,S0277,J0140,2025-09-21,20.0,False,Applied
A0780,S0277,J0148,2025-11-10,20.0,False,Applied
A0781,S0277,J0110,2025-07-21,16.7,False,Selected
A0782,S0278,J0098,2025-06-22,20.0,False,Under Review
A0783,S0278,J0181,2025-09-18,0.0,False,Under Review
A0784,S0278,J0113,2025-12-29,25.0,True,Under Review
A0785,S0279,J0050,2025-07-08,20.0,False,Applied
A0786,S0279,J0112,2025-02-26,16.7,False,Selected
A0787,S0279,J0018,2025-10-26,0.0,True,Applied
A0788,S0279,J0092,2025-12-19,16.7,True,Shortlisted
A0789,S0280,J0126,2025-05-16,25.0,True,Selected
A0790,S0280,J0108,2025-10-24,16.7,True,Under Review
A0791,S0280,J0147,2025-01-27,0.0,True,Under Review
A0792,S0280,J0054,2025-03-29,16.7,True,Under Review
A0793,S0280,J0149,2025-11-14,0.0,True,Rejected
A0794,S0282,J0033,2025-12-15,20.0,True,Applied
A0795,S0282,J0152,2025-10-21,25.0,True,Selected
A0796,S0283,J0200,2025-01-10,40.0,True,Under Review
A0797,S0285,J0057,2025-07-31,0.0,False,Shortlisted
A0798,S0285,J0153,2025-07-30,50.0,True,Under Review
A0799,S0285,J0121,2025-11-10,16.7,True,Selected
A0800,S0285,J0151,2025-02-01,0.0,True,Shortlisted
A0801,S0286,J0123,2025-10-15,25.0,True,Applied
A0802,S0286,J0033,2025-12-06,20.0,True,Under Review
A0803,S0286,J0105,2025-07-12,0.0,True,Applied
A0804,S0286,J0098,2025-03-30,0.0,False,Under Review
A0805,S0286,J0077,2025-09-30,33.3,False,Applied
A0806,S0287,J0137,2025-12-15,20.0,False,Shortlisted
A0807,S0287,J0050,2025-12-21,40.0,False,Applied
A0808,S0287,J0198,2025-09-05,0.0,False,Applied
A0809,S0288,J0153,2025-10-13,16.7,False,Applied
A0810,S0288,J0166,2025-06-02,25.0,True,Rejected
A0811,S0289,J0033,2025-12-27,20.0,True,Under Review
A0812,S0290,J0024,2025-10-14,0.0,False,Selected
A0813,S0290,J0023,2025-05-21,0.0,True,Applied
A0814,S0290,J0053,2025-10-21,40.0,False,Shortlisted
A0815,S0290,J0029,2025-07-14,0.0,False,Rejected
A0816,S0291,J0050,2025-03-16,0.0,True,Applied
A0817,S0291,J0074,2025-05-28,0.0,True,Selected
A0818,S0291,J0157,2025-02-10,0.0,True,Applied
A0819,S0291,J0031,2025-08-15,50.0,True,Shortlisted
A0820,S0292,J0098,2025-04-14,0.0,False,Rejected
A0821,S0292,J0052,2025-05-19,0.0,True,Selected
A0822,S0292,J0152,2025-12-23,25.0,True,Applied
A0823,S0292,J0181,2025-02-25,20.0,True,Shortlisted
A0824,S0293,J0030,2025-05-05,0.0,True,Applied
A0825,S0293,J0147,2025-09-29,25.0,True,Applied
A0826,S0293,J0126,2025-04-30,0.0,True,Applied
A0827,S0293,J0022,2025-07-31,0.0,False,Applied
A0828,S0293,J0108,2025-08-30,0.0,True,Applied
A0829,S0294,J0145,2025-10-09,16.7,False,Selected
A0830,S0294,J0161,2025-03-22,33.3,False,Under Review
A0831,S0295,J0128,2025-11-30,0.0,True,Applied
A0832,S0295,J0154,2025-05-28,25.0,False,Applied
A0833,S0295,J0037,2025-11-27,50.0,False,Applied
A0834,S0295,J0115,2025-02-15,40.0,False,Shortlisted
A0835,S0296,J0044,2025-01-20,0.0,False,Selected
A0836,S0297,J0163,2025-04-01,0.0,False,Selected
A0837,S0297,J0068,2025-01-19,16.7,False,Selected
A0838,S0298,J0158,2025-04-06,16.7,False,Selected
A0839,S0298,J0138,2025-05-29,25.0,True,Rejected
A0840,S0298,J0014,2025-01-05,33.3,True,Applied
A0841,S0298,J0021,2025-11-05,0.0,True,Applied
A0842,S0299,J0009,2025-08-21,0.0,True,Selected
A0843,S0299,J0034,2025-10-06,0.0,False,Under Review
A0844,S0299,J0131,2025-03-10,0.0,False,Rejected
A0845,S0300,J0051,2025-04-09,0.0,True,Rejected
A0846,S0300,J0057,2025-06-19,33.3,True,Applied
A0847,S0300,J0073,2025-08-23,0.0,True,Shortlisted
A0848,S0300,J0084,2025-04-06,0.0,True,Applied
A0849,S0301,J0107,2025-10-18,25.0,False,Shortlisted
A0850,S0301,J0095,2025-04-09,0.0,False,Applied
A0851,S0301,J0027,2025-11-24,0.0,False,Rejected
A0852,S0302,J0136,2025-06-17,25.0,True,Applied
A0853,S0302,J0154,2025-12-09,25.0,True,Applied
A0854,S0302,J0177,2025-03-13,50.0,True,Under Review
A0855,S0302,J0128,2025-05-08,0.0,True,Applied
A0856,S0303,J0097,2025-08-17,50.0,True,Rejected
A0857,S0303,J0111,2025-06-18,25.0,False,Applied
A0858,S0303,J0077,2025-10-21,33.3,False,Applied
A0859,S0303,J0181,2025-12-01,20.0,False,Under Review
A0860,S0304,J0047,2025-12-08,0.0,True,Applied
A0861,S0304,J0106,2025-06-07,0.0,False,Applied
A0862,S0305,J0177,2025-06-09,0.0,True,Shortlisted
A0863,S0305,J0185,2025-11-24,20.0,True,Selected
A0864,S0305,J0089,2025-06-01,0.0,True,Under Review
A0865,S0305,J0142,2025-04-24,0.0,True,Applied
A0866,S0305,J0127,2025-03-10,40.0,True,Under Review
A0867,S0306,J0192,2025-11-07,20.0,True,Under Review
A0868,S0306,J0148,2025-12-26,20.0,True,Under Review
A0869,S0307,J0067,2025-10-03,0.0,False,Rejected
A0870,S0307,J0179,2025-04-22,33.3,True,Rejected
A0871,S0307,J0044,2025-12-15,0.0,False,Rejected
A0872,S0307,J0132,2025-02-11,50.0,False,Under Review
A0873,S0308,J0006,2025-07-05,16.7,True,Applied
A0874,S0308,J0095,2025-10-16,40.0,False,Applied
A0875,S0308,J0044,2025-10-08,25.0,False,Selected
A0876,S0308,J0193,2025-04-14,0.0,False,Under Review
A0877,S0308,J0032,2025-03-18,20.0,False,Applied
A0878,S0309,J0009,2025-03-01,0.0,True,Shortlisted
A0879,S0309,J0072,2025-10-26,0.0,False,Under Review
A0880,S0309,J0019,2025-09-19,20.0,False,Under Review
A0881,S0309,J0102,2025-01-29,16.7,True,Under Review
A0882,S0309,J0069,2025-09-20,0.0,True,Under Review
A0883,S0310,J0011,2025-08-25,20.0,True,Shortlisted
A0884,S0311,J0112,2025-01-12,50.0,False,Under Review
A0885,S0311,J0011,2025-01-02,40.0,True,Shortlisted
A0886,S0311,J0050,2025-10-24,0.0,False,Applied
A0887,S0312,J0061,2025-12-25,50.0,False,Applied
A0888,S0312,J0197,2025-01-31,0.0,False,Selected
A0889,S0312,J0115,2025-02-05,40.0,False,Selected
A0890,S0312,J0147,2025-08-30,25.0,True,Applied
A0891,S0313,J0115,2025-03-11,0.0,False,Rejected
A0892,S0313,J0012,2025-11-27,33.3,False,Selected
A0893,S0313,J0089,2025-07-11,50.0,True,Selected
A0894,S0313,J0177,2025-07-15,25.0,True,Under Review
A0895,S0314,J0011,2025-02-11,20.0,True,Shortlisted
A0896,S0315,J0192,2025-12-01,0.0,True,Rejected
A0897,S0315,J0093,2025-03-02,16.7,True,Applied
A0898,S0315,J0005,2025-10-03,0.0,True,Under Review
A0899,S0315,J0119,2025-03-07,0.0,True,Shortlisted
A0900,S0315,J0195,2025-04-25,0.0,True,Rejected
A0901,S0316,J0195,2025-08-26,20.0,True,Shortlisted
A0902,S0317,J0157,2025-09-30,20.0,True,Under Review
A0903,S0317,J0011,2025-04-28,20.0,True,Applied
A0904,S0317,J0144,2025-06-27,0.0,True,Applied
A0905,S0317,J0174,2025-04-07,25.0,True,Selected
A0906,S0317,J0116,2025-02-27,16.7,True,Applied
A0907,S0318,J0125,2025-01-09,16.7,True,Applied
A0908,S0318,J0032,2025-02-04,0.0,False,Applied
A0909,S0318,J0138,2025-01-18,0.0,True,Under Review
A0910,S0318,J0132,2025-12-11,25.0,False,Shortlisted
A0911,S0319,J0084,2025-01-23,0.0,False,Under Review
A0912,S0320,J0165,2025-04-22,0.0,True,Rejected
A0913,S0320,J0157,2025-01-29,20.0,True,Applied
A0914,S0321,J0059,2025-10-22,25.0,False,Applied
A0915,S0321,J0120,2025-11-03,0.0,True,Rejected
A0916,S0321,J0168,2025-06-14,25.0,True,Applied
A0917,S0322,J0176,2025-09-24,25.0,True,Applied
A0918,S0322,J0128,2025-06-03,25.0,True,Applied
A0919,S0323,J0079,2025-03-31,16.7,True,Shortlisted
A0920,S0323,J0011,2025-08-07,20.0,True,Under Review
A0921,S0323,J0096,2025-01-25,0.0,False,Selected
A0922,S0323,J0116,2025-11-26,16.7,True,Shortlisted
A0923,S0323,J0112,2025-09-26,0.0,False,Applied
A0924,S0324,J0012,2025-03-18,16.7,True,Applied
A0925,S0324,J0142,2025-04-05,0.0,True,Rejected
A0926,S0324,J0136,2025-08-31,50.0,False,Applied
A0927,S0324,J0114,2025-04-26,0.0,False,Applied
A0928,S0325,J0101,2025-08-26,33.3,True,Selected
A0929,S0325,J0152,2025-10-15,25.0,True,Under Review
A0930,S0325,J0033,2025-08-02,40.0,True,Under Review
A0931,S0326,J0021,2025-05-05,20.0,True,Applied
A0932,S0326,J0073,2025-06-19,0.0,True,Shortlisted
A0933,S0327,J0011,2025-02-17,40.0,True,Under Review
A0934,S0327,J0165,2025-04-08,0.0,True,Applied
A0935,S0327,J0174,2025-07-13,0.0,True,Shortlisted
A0936,S0327,J0175,2025-11-05,0.0,True,Applied
A0937,S0328,J0112,2025-10-28,16.7,False,Shortlisted
A0938,S0330,J0061,2025-09-03,50.0,True,Applied
A0939,S0330,J0149,2025-06-20,20.0,True,Applied
A0940,S0330,J0007,2025-01-08,25.0,True,Applied
A0941,S0330,J0177,2025-04-08,0.0,True,Selected
A0942,S0330,J0185,2025-03-02,0.0,True,Shortlisted
A0943,S0331,J0103,2025-12-23,0.0,False,Shortlisted
A0944,S0331,J0015,2025-04-15,0.0,False,Under Review
A0945,S0331,J0136,2025-05-03,0.0,False,Under Review
A0946,S0331,J0149,2025-05-25,20.0,False,Under Review
A0947,S0332,J0102,2025-07-03,0.0,True,Applied
A0948,S0332,J0140,2025-07-04,40.0,False,Under Review
A0949,S0332,J0002,2025-09-12,0.0,False,Under Review
A0950,S0332,J0183,2025-08-29,20.0,False,Rejected
A0951,S0332,J0019,2025-06-13,0.0,False,Selected
A0952,S0333,J0033,2025-07-31,20.0,True,Applied
A0953,S0333,J0101,2025-04-24,33.3,True,Shortlisted
A0954,S0334,J0192,2025-10-11,20.0,False,Selected
A0955,S0335,J0011,2025-03-20,0.0,True,Applied
A0956,S0336,J0162,2025-10-19,25.0,False,Rejected
A0957,S0336,J0139,2025-09-13,20.0,True,Under Review
A0958,S0337,J0112,2025-09-08,16.7,False,Selected
A0959,S0337,J0008,2025-11-25,33.3,False,Shortlisted
A0960,S0337,J0198,2025-08-24,20.0,False,Applied
A0961,S0338,J0112,2025-03-13,33.3,True,Shortlisted
A0962,S0338,J0050,2025-09-08,0.0,True,Applied
A0963,S0338,J0198,2025-10-05,20.0,True,Selected
A0964,S0339,J0117,2025-01-18,0.0,True,Rejected
A0965,S0340,J0136,2025-01-25,0.0,True,Rejected
A0966,S0341,J0062,2025-11-19,25.0,True,Applied
A0967,S0341,J0078,2025-12-29,20.0,True,Applied
A0968,S0341,J0046,2025-04-22,16.7,True,Under Review
A0969,S0341,J0200,2025-07-11,20.0,True,Applied
A0970,S0342,J0154,2025-12-04,0.0,True,Under Review
A0971,S0342,J0037,2025-01-04,0.0,True,Under Review
A0972,S0342,J0197,2025-07-30,0.0,True,Applied
A0973,S0342,J0012,2025-09-29,16.7,True,Shortlisted
A0974,S0342,J0048,2025-10-02,50.0,True,Selected
A0975,S0343,J0043,2025-12-24,16.7,False,Shortlisted
A0976,S0344,J0019,2025-02-19,0.0,False,Under Review
A0977,S0344,J0173,2025-05-04,50.0,True,Applied
A0978,S0345,J0150,2025-07-01,50.0,True,Applied
A0979,S0345,J0041,2025-07-23,33.3,True,Applied
A0980,S0345,J0047,2025-07-27,0.0,True,Under Review
A0981,S0345,J0161,2025-05-05,0.0,True,Selected
A0982,S0345,J0004,2025-04-26,20.0,False,Applied
A0983,S0346,J0047,2025-11-29,25.0,True,Rejected
A0984,S0347,J0165,2025-07-14,20.0,True,Under Review
A0985,S0348,J0175,2025-11-23,20.0,True,Applied
A0986,S0348,J0050,2025-03-29,20.0,False,Applied
A0987,S0348,J0017,2025-08-11,0.0,True,Shortlisted
A0988,S0348,J0043,2025-06-19,16.7,False,Under Review
A0989,S0349,J0016,2025-01-22,0.0,False,Applied
A0990,S0350,J0110,2025-05-19,50.0,True,Applied
A0991,S0350,J0182,2025-02-08,0.0,True,Shortlisted
A0992,S0350,J0102,2025-05-24,16.7,True,Rejected
A0993,S0350,J0072,2025-10-16,20.0,True,Shortlisted
A0994,S0350,J0002,2025-04-02,25.0,True,Selected
A0995,S0351,J0016,2025-04-17,0.0,False,Under Review
A0996,S0351,J0055,2025-12-31,0.0,True,Rejected
A0997,S0351,J0025,2025-02-09,50.0,True,Applied
A0998,S0352,J0004,2025-10-18,0.0,False,Rejected
A0999,S0352,J0145,2025-07-19,0.0,False,Shortlisted
A1000,S0352,J0026,2025-10-04,20.0,True,Applied
A1001,S0352,J0056,2025-03-13,25.0,True,Rejected
A1002,S0352,J0055,2025-12-19,25.0,True,Shortlisted
A1003,S0353,J0044,2025-02-20,25.0,False,Under Review
A1004,S0353,J0179,2025-02-08,0.0,False,Applied
A1005,S0354,J0192,2025-07-23,40.0,False,Selected
A1006,S0354,J0093,2025-06-17,16.7,False,Applied
A1007,S0354,J0038,2025-05-20,20.0,False,Rejected
A1008,S0354,J0034,2025-08-19,50.0,False,Under Review
A1009,S0354,J0140,2025-07-02,0.0,False,Under Review
A1010,S0355,J0016,2025-04-06,20.0,True,Shortlisted
A1011,S0355,J0161,2025-12-05,33.3,True,Under Review
A1012,S0356,J0130,2025-05-07,16.7,False,Shortlisted
A1013,S0356,J0169,2025-02-12,20.0,True,Applied
A1014,S0356,J0021,2025-07-14,20.0,True,Shortlisted
A1015,S0356,J0067,2025-11-21,0.0,True,Applied
A1016,S0356,J0125,2025-07-19,0.0,True,Applied
A1017,S0357,J0152,2025-01-03,25.0,False,Selected
A1018,S0358,J0155,2025-05-19,20.0,False,Applied
A1019,S0358,J0077,2025-02-14,33.3,False,Applied
A1020,S0358,J0104,2025-08-18,0.0,False,Under Review
A1021,S0358,J0171,2025-09-20,16.7,False,Under Review
A1022,S0359,J0013,2025-07-01,0.0,False,Under Review
A1023,S0360,J0163,2025-06-16,16.7,False,Rejected
A1024,S0360,J0016,2025-01-07,40.0,False,Applied
A1025,S0360,J0150,2025-07-18,0.0,False,Rejected
A1026,S0360,J0004,2025-10-14,20.0,False,Selected
A1027,S0360,J0013,2025-05-05,16.7,False,Under Review
A1028,S0361,J0188,2025-07-14,33.3,False,Applied
A1029,S0361,J0072,2025-05-18,0.0,False,Applied
A1030,S0362,J0142,2025-02-02,0.0,True,Applied
A1031,S0362,J0108,2025-05-22,0.0,True,Under Review
A1032,S0362,J0135,2025-09-05,0.0,True,Rejected
A1033,S0362,J0103,2025-07-04,16.7,True,Applied
A1034,S0363,J0093,2025-11-17,16.7,False,Under Review
A1035,S0363,J0188,2025-11-12,33.3,False,Applied
A1036,S0364,J0063,2025-06-05,16.7,False,Applied
A1037,S0365,J0062,2025-11-14,0.0,True,Under Review
A1038,S0365,J0059,2025-06-18,25.0,False,Under Review
A1039,S0365,J0036,2025-08-09,16.7,False,Rejected
A1040,S0365,J0159,2025-11-30,50.0,True,Selected
A1041,S0366,J0121,2025-06-14,16.7,True,Shortlisted
A1042,S0366,J0107,2025-12-22,25.0,False,Applied
A1043,S0367,J0148,2025-07-23,0.0,True,Selected
A1044,S0367,J0110,2025-05-30,0.0,True,Shortlisted
A1045,S0367,J0192,2025-11-21,20.0,True,Under Review
A1046,S0368,J0169,2025-06-16,20.0,True,Under Review
A1047,S0368,J0191,2025-07-21,20.0,True,Under Review
A1048,S0368,J0084,2025-10-16,0.0,False,Applied
A1049,S0368,J0121,2025-10-07,0.0,True,Applied
A1050,S0368,J0158,2025-10-09,0.0,False,Applied
A1051,S0369,J0037,2025-04-18,16.7,False,Under Review
A1052,S0369,J0147,2025-05-30,0.0,True,Rejected
A1053,S0369,J0177,2025-02-05,25.0,True,Rejected
A1054,S0369,J0197,2025-07-29,25.0,False,Shortlisted
A1055,S0370,J0091,2025-06-05,20.0,False,Applied
A1056,S0370,J0113,2025-12-04,0.0,True,Applied
A1057,S0371,J0014,2025-02-07,16.7,True,Under Review
A1058,S0371,J0057,2025-11-03,16.7,False,Under Review
A1059,S0371,J0032,2025-07-25,40.0,False,Under Review
A1060,S0371,J0095,2025-12-21,0.0,False,Under Review
A1061,S0372,J0162,2025-12-26,0.0,False,Rejected
A1062,S0373,J0011,2025-05-08,0.0,True,Shortlisted
A1063,S0374,J0098,2025-11-28,0.0,False,Shortlisted
A1064,S0374,J0109,2025-10-16,0.0,False,Selected
A1065,S0374,J0189,2025-12-13,25.0,True,Shortlisted
A1066,S0375,J0044,2025-02-24,0.0,True,Applied
A1067,S0375,J0179,2025-05-13,66.7,True,Applied
A1068,S0376,J0154,2025-10-25,25.0,True,Shortlisted
A1069,S0376,J0197,2025-04-24,0.0,True,Under Review
A1070,S0376,J0015,2025-07-20,0.0,True,Under Review
A1071,S0376,J0103,2025-12-14,16.7,True,Under Review
A1072,S0376,J0142,2025-09-14,20.0,True,Applied
A1073,S0377,J0149,2025-02-23,20.0,False,Applied
A1074,S0378,J0144,2025-03-14,40.0,True,Applied
A1075,S0379,J0082,2025-04-16,50.0,True,Under Review
A1076,S0379,J0165,2025-06-28,20.0,True,Under Review
A1077,S0379,J0031,2025-08-13,0.0,True,Shortlisted
A1078,S0380,J0011,2025-02-04,40.0,True,Applied
A1079,S0380,J0157,2025-12-30,20.0,True,Applied
A1080,S0381,J0083,2025-02-25,0.0,False,Shortlisted
A1081,S0381,J0139,2025-03-26,20.0,False,Selected
A1082,S0381,J0172,2025-05-05,0.0,True,Under Review
A1083,S0382,J0101,2025-10-14,50.0,True,Under Review
A1084,S0383,J0179,2025-07-27,0.0,True,Shortlisted
A1085,S0383,J0125,2025-04-06,16.7,True,Shortlisted
A1086,S0383,J0086,2025-08-10,16.7,True,Under Review
A1087,S0383,J0084,2025-11-11,25.0,True,Rejected
A1088,S0384,J0018,2025-08-08,0.0,True,Under Review
A1089,S0384,J0174,2025-12-27,0.0,False,Applied
A1090,S0384,J0112,2025-05-23,16.7,False,Rejected
A1091,S0384,J0137,2025-02-02,0.0,False,Under Review
A1092,S0385,J0072,2025-07-07,20.0,True,Applied
A1093,S0385,J0195,2025-08-23,0.0,True,Applied
A1094,S0385,J0002,2025-12-10,25.0,True,Rejected
A1095,S0385,J0009,2025-09-28,0.0,True,Selected
A1096,S0385,J0148,2025-06-10,20.0,True,Under Review
A1097,S0386,J0009,2025-10-28,0.0,True,Applied
A1098,S0386,J0039,2025-06-30,0.0,False,Rejected
A1099,S0386,J0087,2025-11-13,0.0,False,Applied
A1100,S0386,J0093,2025-12-11,33.3,False,Shortlisted
A1101,S0386,J0083,2025-06-02,16.7,False,Selected
A1102,S0387,J0063,2025-12-11,0.0,True,Applied
A1103,S0387,J0194,2025-03-02,20.0,False,Applied
A1104,S0387,J0045,2025-03-01,0.0,False,Applied
A1105,S0387,J0168,2025-12-22,0.0,True,Applied
A1106,S0387,J0001,2025-07-18,16.7,True,Under Review
A1107,S0388,J0045,2025-07-16,0.0,False,Under Review
A1108,S0388,J0134,2025-09-07,20.0,False,Shortlisted
A1109,S0389,J0058,2025-03-27,0.0,True,Under Review
A1110,S0389,J0150,2025-03-13,25.0,False,Applied
A1111,S0390,J0007,2025-01-28,25.0,True,Rejected
A1112,S0390,J0126,2025-01-05,25.0,True,Under Review
A1113,S0390,J0114,2025-04-10,0.0,True,Rejected
A1114,S0390,J0128,2025-10-15,25.0,True,Under Review
A1115,S0391,J0177,2025-12-17,0.0,True,Under Review
A1116,S0391,J0136,2025-12-30,0.0,False,Rejected
A1117,S0391,J0108,2025-09-08,16.7,True,Applied
A1118,S0391,J0154,2025-10-17,25.0,True,Applied
A1119,S0392,J0036,2025-01-17,0.0,False,Applied
A1120,S0392,J0118,2025-10-03,25.0,True,Applied
A1121,S0393,J0135,2025-09-11,25.0,True,Under Review
A1122,S0393,J0197,2025-02-27,25.0,False,Under Review
A1123,S0393,J0103,2025-05-18,16.7,True,Rejected
A1124,S0393,J0177,2025-07-07,0.0,True,Under Review
A1125,S0394,J0122,2025-08-14,50.0,True,Under Review
A1126,S0395,J0077,2025-12-01,16.7,False,Rejected
A1127,S0395,J0101,2025-06-02,16.7,True,Rejected
A1128,S0395,J0152,2025-01-17,0.0,True,Under Review
A1129,S0395,J0033,2025-06-28,0.0,True,Rejected
A1130,S0396,J0046,2025-03-02,0.0,True,Rejected
A1131,S0397,J0113,2025-10-29,0.0,True,Shortlisted
A1132,S0397,J0152,2025-12-30,25.0,True,Shortlisted
A1133,S0398,J0191,2025-11-12,0.0,True,Applied
A1134,S0398,J0179,2025-04-16,16.7,False,Rejected
A1135,S0398,J0084,2025-01-31,50.0,False,Under Review
A1136,S0398,J0153,2025-09-30,16.7,False,Applied
A1137,S0399,J0055,2025-06-15,75.0,True,Selected
A1138,S0399,J0013,2025-05-30,0.0,False,Applied
A1139,S0399,J0004,2025-05-17,0.0,False,Selected
A1140,S0399,J0016,2025-09-21,20.0,False,Selected
A1141,S0399,J0047,2025-12-14,0.0,True,Rejected
A1142,S0400,J0188,2025-07-30,16.7,False,Selected
A1143,S0400,J0133,2025-05-22,25.0,False,Rejected
A1144,S0402,J0069,2025-03-09,25.0,True,Applied
A1145,S0402,J0070,2025-12-31,0.0,False,Applied
A1146,S0403,J0102,2025-12-13,16.7,True,Under Review
A1147,S0403,J0188,2025-03-14,16.7,False,Under Review
A1148,S0404,J0096,2025-08-01,16.7,True,Under Review
A1149,S0404,J0031,2025-02-08,50.0,True,Shortlisted
A1150,S0404,J0082,2025-02-17,0.0,True,Under Review
A1151,S0405,J0182,2025-07-08,0.0,True,Under Review
A1152,S0405,J0131,2025-09-07,16.7,False,Applied
A1153,S0405,J0002,2025-01-02,50.0,True,Rejected
A1154,S0406,J0112,2025-08-23,16.7,False,Shortlisted
A1155,S0407,J0094,2025-10-01,50.0,True,Under Review
A1156,S0407,J0177,2025-08-08,50.0,True,Rejected
A1157,S0407,J0136,2025-09-11,0.0,False,Applied
A1158,S0408,J0005,2025-10-08,40.0,True,Under Review
A1159,S0408,J0119,2025-10-17,0.0,True,Rejected
A1160,S0408,J0139,2025-06-25,20.0,True,Rejected
A1161,S0409,J0151,2025-02-20,40.0,False,Shortlisted
A1162,S0410,J0101,2025-03-05,33.3,True,Selected
A1163,S0410,J0152,2025-03-22,0.0,True,Under Review
A1164,S0410,J0052,2025-01-01,0.0,True,Selected
A1165,S0410,J0109,2025-08-08,25.0,True,Applied
A1166,S0411,J0063,2025-06-04,0.0,False,Applied
A1167,S0411,J0023,2025-05-21,0.0,True,Applied
A1168,S0412,J0001,2025-02-12,16.7,False,Under Review
A1169,S0412,J0194,2025-11-29,0.0,False,Applied
A1170,S0412,J0036,2025-07-22,0.0,False,Shortlisted
A1171,S0413,J0053,2025-12-02,0.0,True,Applied
A1172,S0413,J0023,2025-02-18,25.0,True,Applied
A1173,S0414,J0198,2025-03-09,40.0,True,Under Review
A1174,S0414,J0157,2025-09-23,0.0,True,Shortlisted
A1175,S0414,J0008,2025-01-05,0.0,True,Applied
A1176,S0414,J0082,2025-06-25,0.0,True,Rejected
A1177,S0415,J0103,2025-03-09,16.7,False,Under Review
A1178,S0415,J0142,2025-04-28,40.0,True,Under Review
A1179,S0415,J0185,2025-02-22,0.0,False,Applied
A1180,S0415,J0012,2025-07-08,0.0,False,Rejected
A1181,S0416,J0044,2025-03-10,0.0,False,Shortlisted
A1182,S0416,J0151,2025-12-13,0.0,True,Applied
A1183,S0417,J0050,2025-01-05,20.0,False,Shortlisted
A1184,S0417,J0112,2025-03-26,50.0,False,Under Review
A1185,S0417,J0157,2025-04-20,0.0,False,Shortlisted
A1186,S0417,J0144,2025-03-19,40.0,True,Selected
A1187,S0417,J0011,2025-11-12,0.0,False,Shortlisted
A1188,S0418,J0106,2025-02-21,40.0,False,Applied
A1189,S0418,J0026,2025-03-05,0.0,True,Under Review
A1190,S0419,J0004,2025-08-08,0.0,True,Applied
A1191,S0419,J0106,2025-03-13,40.0,True,Applied
A1192,S0419,J0055,2025-11-27,25.0,True,Applied
A1193,S0419,J0016,2025-10-11,0.0,True,Shortlisted
A1194,S0420,J0145,2025-12-20,0.0,False,Applied
A1195,S0420,J0047,2025-12-04,25.0,True,Rejected
A1196,S0420,J0010,2025-04-16,0.0,True,Under Review
A1197,S0420,J0071,2025-09-18,40.0,False,Applied
A1198,S0420,J0076,2025-07-20,60.0,True,Applied
A1199,S0421,J0102,2025-09-11,16.7,True,Under Review
A1200,S0422,J0116,2025-11-23,16.7,True,Under Review
A1201,S0422,J0174,2025-09-28,0.0,True,Rejected
A1202,S0423,J0074,2025-06-12,16.7,True,Applied
A1203,S0424,J0076,2025-07-07,20.0,True,Under Review
A1204,S0424,J0161,2025-03-30,16.7,True,Rejected
A1205,S0424,J0016,2025-02-07,0.0,False,Applied
A1206,S0424,J0055,2025-02-04,0.0,True,Applied
A1207,S0424,J0068,2025-04-21,0.0,False,Applied
A1208,S0425,J0112,2025-09-17,33.3,False,Applied
A1209,S0426,J0033,2025-08-05,20.0,True,Shortlisted
A1210,S0426,J0077,2025-02-12,0.0,False,Shortlisted
A1211,S0426,J0152,2025-10-03,25.0,False,Shortlisted
A1212,S0426,J0113,2025-05-23,0.0,True,Applied
A1213,S0426,J0101,2025-02-10,33.3,True,Under Review
A1214,S0427,J0200,2025-10-02,0.0,True,Applied
A1215,S0427,J0046,2025-10-28,33.3,True,Shortlisted
A1216,S0428,J0116,2025-12-24,0.0,True,Under Review
A1217,S0429,J0085,2025-05-06,25.0,False,Applied
A1218,S0429,J0173,2025-08-11,0.0,True,Applied
A1219,S0430,J0133,2025-01-29,50.0,True,Applied
A1220,S0430,J0002,2025-12-03,25.0,True,Shortlisted
A1221,S0430,J0034,2025-03-03,0.0,False,Applied
A1222,S0430,J0039,2025-03-12,25.0,False,Shortlisted
A1223,S0430,J0085,2025-03-25,25.0,False,Under Review
A1224,S0431,J0104,2025-09-22,0.0,False,Rejected
A1225,S0431,J0042,2025-05-13,20.0,False,Applied
A1226,S0431,J0111,2025-03-06,25.0,False,Shortlisted
A1227,S0432,J0128,2025-03-02,25.0,True,Rejected
A1228,S0432,J0108,2025-01-16,16.7,True,Applied
A1229,S0432,J0136,2025-08-08,25.0,True,Applied
A1230,S0433,J0147,2025-12-31,0.0,True,Selected
A1231,S0434,J0048,2025-08-22,25.0,True,Under Review
A1232,S0435,J0046,2025-10-18,16.7,True,Applied
A1233,S0436,J0119,2025-02-22,20.0,True,Rejected
A1234,S0436,J0133,2025-12-12,25.0,True,Shortlisted
A1235,S0437,J0188,2025-09-18,33.3,False,Applied
A1236,S0437,J0162,2025-01-07,0.0,False,Applied
A1237,S0438,J0064,2025-07-16,0.0,True,Selected
A1238,S0438,J0112,2025-04-02,16.7,False,Selected
A1239,S0438,J0011,2025-01-19,0.0,False,Under Review
A1240,S0438,J0157,2025-12-02,20.0,False,Under Review
A1241,S0439,J0137,2025-08-02,20.0,True,Selected
A1242,S0439,J0112,2025-06-13,0.0,True,Applied
A1243,S0439,J0017,2025-02-09,20.0,True,Under Review
A1244,S0440,J0046,2025-12-11,0.0,True,Selected
A1245,S0442,J0018,2025-09-22,0.0,True,Selected
A1246,S0442,J0116,2025-07-25,16.7,True,Applied
A1247,S0443,J0179,2025-06-09,16.7,True,Applied
A1248,S0443,J0086,2025-10-11,16.7,True,Under Review
A1249,S0443,J0125,2025-07-08,33.3,True,Applied
A1250,S0443,J0044,2025-10-16,25.0,True,Rejected
A1251,S0444,J0156,2025-08-26,25.0,False,Under Review
A1252,S0444,J0155,2025-09-10,40.0,False,Selected
A1253,S0444,J0020,2025-04-11,0.0,True,Shortlisted
A1254,S0444,J0090,2025-10-07,16.7,False,Rejected
A1255,S0444,J0109,2025-05-06,50.0,False,Applied
A1256,S0445,J0132,2025-04-30,25.0,False,Under Review
A1257,S0445,J0027,2025-11-22,60.0,False,Rejected
A1258,S0445,J0044,2025-01-05,25.0,False,Selected
A1259,S0445,J0179,2025-01-01,0.0,False,Rejected
A1260,S0446,J0065,2025-06-07,0.0,False,Applied
A1261,S0446,J0026,2025-09-29,20.0,True,Selected
A1262,S0446,J0025,2025-08-03,25.0,True,Under Review
A1263,S0446,J0160,2025-01-31,20.0,False,Selected
A1264,S0447,J0031,2025-05-24,25.0,False,Applied
A1265,S0447,J0112,2025-04-29,0.0,False,Rejected
A1266,S0449,J0016,2025-12-25,20.0,True,Rejected
A1267,S0449,J0047,2025-08-23,0.0,True,Selected
A1268,S0449,J0196,2025-02-13,0.0,True,Under Review
A1269,S0449,J0163,2025-09-16,16.7,True,Applied
A1270,S0449,J0161,2025-07-21,0.0,True,Applied
A1271,S0450,J0029,2025-08-11,25.0,False,Shortlisted
A1272,S0450,J0062,2025-03-08,0.0,True,Applied
A1273,S0450,J0200,2025-05-14,0.0,False,Rejected
A1274,S0450,J0078,2025-07-21,20.0,False,Shortlisted
A1275,S0450,J0046,2025-06-17,0.0,True,Applied
A1276,S0451,J0045,2025-02-08,25.0,True,Selected
A1277,S0451,J0200,2025-03-11,20.0,True,Rejected
A1278,S0451,J0141,2025-10-27,16.7,True,Applied
A1279,S0452,J0199,2025-08-19,25.0,True,Under Review
A1280,S0453,J0186,2025-10-02,25.0,True,Under Review
A1281,S0453,J0118,2025-04-17,0.0,True,Under Review
A1282,S0453,J0001,2025-08-26,16.7,True,Applied
A1283,S0453,J0081,2025-03-03,0.0,True,Applied
A1284,S0454,J0161,2025-12-23,16.7,True,Shortlisted
A1285,S0455,J0108,2025-03-17,0.0,True,Applied
A1286,S0455,J0142,2025-05-08,0.0,True,Selected
A1287,S0456,J0027,2025-01-26,0.0,True,Shortlisted
A1288,S0456,J0169,2025-05-14,0.0,True,Rejected
A1289,S0456,J0107,2025-03-31,0.0,False,Applied
A1290,S0456,J0086,2025-07-27,16.7,True,Rejected
A1291,S0457,J0128,2025-10-09,0.0,False,Applied
A1292,S0457,J0115,2025-08-25,0.0,False,Applied
A1293,S0457,J0103,2025-03-13,16.7,False,Applied
A1294,S0457,J0147,2025-02-01,25.0,True,Rejected
A1295,S0457,J0094,2025-04-24,33.3,False,Applied
A1296,S0459,J0139,2025-12-18,40.0,True,Shortlisted
A1297,S0459,J0119,2025-11-27,40.0,True,Applied
A1298,S0459,J0072,2025-10-28,20.0,True,Applied
A1299,S0459,J0188,2025-02-08,33.3,True,Applied
A1300,S0460,J0056,2025-11-27,25.0,True,Under Review
A1301,S0461,J0132,2025-06-19,25.0,False,Applied
A1302,S0461,J0044,2025-08-25,50.0,False,Applied
A1303,S0462,J0050,2025-07-22,20.0,False,Under Review
A1304,S0462,J0112,2025-07-15,16.7,False,Shortlisted
A1305,S0462,J0144,2025-03-30,20.0,True,Under Review
A1306,S0462,J0157,2025-04-06,0.0,True,Applied
A1307,S0462,J0011,2025-08-17,0.0,True,Rejected
A1308,S0463,J0199,2025-11-14,25.0,False,Shortlisted
A1309,S0464,J0032,2025-07-30,40.0,True,Rejected
A1310,S0464,J0095,2025-09-03,20.0,True,Applied
A1311,S0464,J0125,2025-05-24,0.0,True,Under Review
A1312,S0465,J0197,2025-11-26,0.0,False,Rejected
A1313,S0465,J0147,2025-09-27,50.0,True,Applied
A1314,S0465,J0185,2025-10-06,20.0,False,Rejected
A1315,S0465,J0177,2025-07-15,0.0,True,Rejected
A1316,S0466,J0161,2025-10-06,0.0,True,Rejected
A1317,S0467,J0174,2025-09-15,0.0,True,Applied
A1318,S0467,J0112,2025-05-19,33.3,False,Applied
A1319,S0467,J0018,2025-06-13,0.0,True,Under Review
A1320,S0468,J0101,2025-01-30,0.0,True,Rejected
A1321,S0469,J0047,2025-07-03,0.0,True,Rejected
A1322,S0469,J0013,2025-04-30,33.3,False,Selected
A1323,S0469,J0160,2025-02-21,40.0,False,Applied
A1324,S0469,J0071,2025-05-04,20.0,False,Applied
A1325,S0470,J0195,2025-10-22,0.0,True,Rejected
A1326,S0471,J0139,2025-03-30,20.0,False,Applied
A1327,S0471,J0083,2025-10-31,16.7,False,Applied
A1328,S0471,J0182,2025-12-24,20.0,True,Under Review
A1329,S0471,J0009,2025-10-30,25.0,True,Applied
A1330,S0472,J0068,2025-10-16,16.7,False,Applied
A1331,S0472,J0161,2025-04-07,0.0,False,Rejected
A1332,S0472,J0150,2025-09-10,0.0,False,Under Review
A1333,S0473,J0073,2025-01-20,0.0,True,Applied
A1334,S0473,J0006,2025-04-30,0.0,True,Shortlisted
A1335,S0474,J0194,2025-09-02,40.0,False,Applied
A1336,S0475,J0025,2025-03-08,50.0,True,Applied
A1337,S0475,J0196,2025-04-01,20.0,True,Selected
A1338,S0475,J0058,2025-06-15,50.0,True,Applied
A1339,S0475,J0047,2025-03-17,25.0,True,Under Review
A1340,S0475,J0056,2025-03-14,0.0,True,Rejected
A1341,S0476,J0029,2025-02-07,0.0,False,Under Review
A1342,S0476,J0046,2025-12-06,16.7,True,Under Review
A1343,S0476,J0120,2025-02-21,50.0,False,Applied
A1344,S0476,J0028,2025-06-15,20.0,False,Applied
A1345,S0476,J0118,2025-03-22,0.0,True,Shortlisted
A1346,S0477,J0157,2025-09-07,0.0,True,Shortlisted
A1347,S0477,J0018,2025-03-31,33.3,True,Shortlisted
A1348,S0477,J0082,2025-10-15,0.0,True,Shortlisted
A1349,S0477,J0198,2025-11-11,40.0,True,Rejected
A1350,S0478,J0130,2025-10-29,33.3,False,Rejected
A1351,S0478,J0057,2025-07-13,0.0,False,Applied
A1352,S0479,J0163,2025-04-01,0.0,False,Shortlisted
A1353,S0479,J0076,2025-12-26,0.0,True,Selected
A1354,S0479,J0161,2025-07-20,16.7,True,Rejected
A1355,S0480,J0200,2025-04-04,0.0,True,Shortlisted
A1356,S0480,J0078,2025-11-10,0.0,True,Applied
A1357,S0480,J0046,2025-10-17,0.0,True,Applied
A1358,S0480,J0063,2025-09-12,16.7,True,Applied
A1359,S0480,J0062,2025-02-09,0.0,True,Applied
A1360,S0481,J0068,2025-11-22,16.7,False,Rejected
A1361,S0481,J0076,2025-02-15,20.0,True,Rejected
A1362,S0481,J0047,2025-12-10,0.0,True,Shortlisted
A1363,S0483,J0061,2025-01-06,0.0,False,Applied
A1364,S0483,J0048,2025-05-08,0.0,True,Shortlisted
A1365,S0483,J0197,2025-06-29,25.0,False,Applied
A1366,S0484,J0037,2025-01-01,0.0,False,Applied
A1367,S0485,J0062,2025-08-03,25.0,True,Selected
A1368,S0485,J0046,2025-07-31,16.7,True,Under Review
A1369,S0485,J0063,2025-07-13,33.3,False,Under Review
A1370,S0485,J0194,2025-07-12,0.0,False,Applied
A1371,S0486,J0152,2025-11-30,25.0,False,Rejected
A1372,S0486,J0156,2025-04-26,0.0,False,Applied
A1373,S0486,J0109,2025-02-07,25.0,False,Rejected
A1374,S0486,J0033,2025-01-18,20.0,True,Applied
A1375,S0487,J0128,2025-02-23,0.0,True,Applied
A1376,S0487,J0177,2025-03-29,0.0,True,Rejected
A1377,S0487,J0114,2025-03-24,0.0,False,Shortlisted
A1378,S0488,J0154,2025-11-01,0.0,False,Selected
A1379,S0489,J0097,2025-01-16,50.0,False,Under Review
A1380,S0489,J0105,2025-12-01,50.0,False,Applied
A1381,S0489,J0167,2025-08-11,16.7,True,Applied
A1382,S0489,J0113,2025-02-21,0.0,True,Applied
A1383,S0490,J0085,2025-12-23,25.0,False,Under Review
A1384,S0490,J0139,2025-10-04,20.0,False,Applied
A1385,S0491,J0058,2025-05-02,16.7,True,Applied
A1386,S0491,J0196,2025-07-21,20.0,False,Under Review
A1387,S0491,J0065,2025-09-09,0.0,False,Applied
A1388,S0492,J0077,2025-08-07,16.7,False,Applied
A1389,S0492,J0020,2025-12-05,20.0,True,Shortlisted
A1390,S0492,J0098,2025-09-03,0.0,False,Applied
A1391,S0493,J0108,2025-03-29,16.7,True,Shortlisted
A1392,S0494,J0161,2025-03-01,16.7,True,Applied
A1393,S0495,J0072,2025-09-08,40.0,True,Rejected
A1394,S0495,J0139,2025-05-16,40.0,True,Applied
A1395,S0495,J0162,2025-10-06,25.0,False,Under Review
A1396,S0495,J0190,2025-07-09,40.0,False,Rejected
A1397,S0496,J0014,2025-08-17,0.0,False,Applied
A1398,S0496,J0032,2025-08-14,20.0,False,Under Review
A1399,S0496,J0067,2025-04-26,0.0,False,Rejected
A1400,S0497,J0136,2025-12-23,50.0,False,Shortlisted
A1401,S0498,J0002,2025-06-26,0.0,False,Rejected
A1402,S0499,J0078,2025-10-29,20.0,True,Applied
A1403,S0499,J0075,2025-02-01,0.0,False,Rejected
A1404,S0499,J0001,2025-09-25,0.0,True,Under Review
A1405,S0499,J0003,2025-10-02,20.0,False,Shortlisted
A1406,S0500,J0179,2025-05-01,16.7,True,Under Review
A1407,S0500,J0044,2025-02-10,0.0,True,Under Review
A1408,S0500,J0067,2025-01-18,25.0,True,Under Review
A1409,S0500,J0027,2025-09-22,0.0,True,Rejected
